City_ID,City,Country,Lat,Lng,Max Temp,Humidity,Cloudiness,Wind Speed,Current Description
0,Luanda,AO,-8.8368,13.2343,77.0,88,75,10.36,broken clouds
1,Albany,US,42.6001,-73.9662,48.38,94,80,2.35,broken clouds
2,Kenai,US,60.5544,-151.2583,24.15,96,90,3.44,light snow
3,Assiniboia,CA,49.6334,-105.9845,-16.69,63,65,13.8,broken clouds
4,Vaini,TO,-21.2,-175.2,77.16,100,90,13.8,moderate rain
5,Praia,CV,14.9215,-23.5087,75.74,60,0,13.8,clear sky
6,Port Alfred,ZA,-33.5906,26.891,68.61,84,71,19.39,broken clouds
7,Hilo,US,19.7297,-155.09,77.61,93,90,3.44,light rain
8,Cape Town,ZA,-33.9258,18.4232,63.01,73,20,1.01,few clouds
9,Nuuk,GL,64.1835,-51.7216,21.81,73,90,11.5,overcast clouds
10,Puerto Baquerizo Moreno,EC,-0.9,-89.6,76.19,78,75,13.8,broken clouds
11,Jamestown,US,42.097,-79.2353,48.02,55,40,1.01,scattered clouds
12,Ushuaia,AR,-54.8,-68.3,46.06,57,40,29.93,light rain
13,Upernavik,GL,72.7868,-56.1549,5.65,75,100,2.95,overcast clouds
14,Mahon,ES,39.8885,4.2658,54.16,100,90,6.91,fog
15,Khatanga,RU,71.9667,102.5,-37.64,96,100,3.6,overcast clouds
16,Cabedelo,BR,-6.9811,-34.8339,83.07,71,52,12.08,broken clouds
17,Alofi,NU,-19.0595,-169.9187,80.49,83,100,8.05,light rain
18,Mto Wa Mbu,TZ,-3.35,35.85,69.82,79,65,5.19,broken clouds
19,Rikitea,PF,-23.1203,-134.9692,77.76,73,18,12.1,light rain
20,Georgetown,MY,5.4112,100.3354,80.53,85,20,5.99,few clouds
21,Fortuna,US,40.5982,-124.1573,49.42,87,75,1.99,broken clouds
22,Sukhobuzimskoye,RU,56.5,93.2728,8.24,91,100,7.36,overcast clouds
23,Kapaa,US,22.0752,-159.319,77.47,85,75,1.99,light rain
24,Klaksvik,FO,62.2266,-6.589,40.12,66,100,20.18,overcast clouds
25,Vao,NC,-22.6667,167.4833,77.23,72,100,20.38,overcast clouds
26,Angoche,MZ,-16.2325,39.9086,79.88,81,37,5.84,scattered clouds
27,Svetlogorsk,BY,52.6333,29.7333,34.09,99,100,5.88,moderate rain
28,Hammerfest,NO,70.6634,23.6821,27.05,63,20,11.5,light snow
29,Hokitika,NZ,-42.7167,170.9667,63.46,70,40,4.81,scattered clouds
30,Garden City,US,42.3256,-83.331,44.55,81,90,4.61,haze
31,Thompson,CA,55.7435,-97.8558,-9.24,77,75,13.8,broken clouds
32,Zaysan,KZ,47.4667,84.8667,2.97,90,100,2.51,overcast clouds
33,Flinders,AU,-34.5833,150.8552,77.05,74,43,7.0,scattered clouds
34,Carlisle,US,40.2015,-77.1889,55.35,83,97,5.08,overcast clouds
35,Lebu,CL,-37.6167,-73.65,60.84,76,1,10.29,clear sky
36,Grove City,US,39.8815,-83.093,55.65,88,90,1.01,overcast clouds
37,Cherskiy,RU,68.75,161.3,-22.52,97,98,2.01,overcast clouds
38,Qaanaaq,GL,77.484,-69.3632,-1.71,65,94,7.27,overcast clouds
39,Xuddur,SO,4.1213,43.8894,69.26,66,23,12.03,few clouds
40,Kortkeros,RU,61.8106,51.5806,14.18,93,100,8.97,overcast clouds
41,Punta Arenas,CL,-53.15,-70.9167,51.91,46,40,21.85,scattered clouds
42,Mataura,NZ,-46.1927,168.8643,58.48,80,100,3.6,overcast clouds
43,Tura,IN,25.5198,90.2201,55.63,73,95,3.78,overcast clouds
44,Hasaki,JP,35.7333,140.8333,32.4,41,0,28.88,clear sky
45,Rocha,UY,-34.4833,-54.3333,75.34,67,47,10.33,scattered clouds
46,Hermanus,ZA,-34.4187,19.2345,60.91,80,96,14.88,overcast clouds
47,Rio Gallegos,AR,-51.6226,-69.2181,57.25,24,20,32.21,few clouds
48,Saint-Philippe,RE,-21.3585,55.7679,74.79,78,70,10.6,broken clouds
49,Bluff,NZ,-46.6,168.3333,58.8,81,94,7.78,overcast clouds
50,Airai,TL,-8.9266,125.4092,61.41,89,90,0.94,overcast clouds
51,Lorengau,PG,-2.0226,147.2712,81.68,78,100,3.29,overcast clouds
52,Atuona,PF,-9.8,-139.0333,78.12,77,7,15.01,light rain
53,Walvis Bay,NA,-22.9575,14.5053,62.1,82,0,5.75,clear sky
54,Bredasdorp,ZA,-34.5322,20.0403,60.28,82,78,8.05,broken clouds
55,Mazara Del Vallo,IT,37.6641,12.588,57.15,81,0,9.55,clear sky
56,Pitimbu,BR,-7.4706,-34.8086,82.99,72,39,11.79,scattered clouds
57,Nanortalik,GL,60.1432,-45.2371,20.32,58,20,7.94,few clouds
58,Yellowknife,CA,62.456,-114.3525,-28.71,81,20,5.75,few clouds
59,Sarangani,PH,5.4033,125.4636,81.1,78,100,27.96,light rain
60,Seoul,KR,37.5683,126.9778,18.84,72,0,2.3,clear sky
61,Cabo San Lucas,MX,22.8909,-109.9124,79.9,77,75,8.99,broken clouds
62,Ponta Do Sol,PT,32.6667,-17.1,71.13,42,85,3.8,overcast clouds
63,Poitiers,FR,46.5833,0.3333,49.24,58,80,4.61,mist
64,Souillac,MU,-20.5167,57.5167,75.58,78,40,3.44,scattered clouds
65,Kaitangata,NZ,-46.2817,169.8464,62.92,70,100,2.42,overcast clouds
66,Butaritari,KI,3.0707,172.7902,80.8,76,99,6.69,light rain
67,Esperance,AU,-33.8667,121.9,62.44,67,100,12.01,overcast clouds
68,Helena,US,46.5927,-112.0361,5.18,63,99,1.99,overcast clouds
69,Tottori,JP,35.5,134.2333,41.07,60,75,26.46,broken clouds
70,Necochea,AR,-38.5473,-58.7368,80.04,42,13,13.62,few clouds
71,Kavieng,PG,-2.5744,150.7967,83.17,73,100,2.91,overcast clouds
72,Grindavik,IS,63.8424,-22.4338,36.07,75,90,23.02,overcast clouds
73,Las Vegas,US,36.175,-115.1372,58.26,49,75,8.05,broken clouds
74,Shelburne,CA,44.0787,-80.2041,39.56,98,97,4.41,overcast clouds
75,Narsaq,GL,60.9167,-46.05,14.22,56,78,8.12,broken clouds
76,Los Llanos De Aridane,ES,28.6585,-17.9182,67.75,40,0,11.01,clear sky
77,Mar Del Plata,AR,-38.0023,-57.5575,75.22,92,5,21.99,clear sky
78,Mikkeli,FI,61.6886,27.2723,26.71,80,90,8.05,overcast clouds
79,Bima,ID,-8.4667,118.7167,76.59,92,100,1.01,overcast clouds
80,Aklavik,CA,68.2191,-135.0107,-31.97,67,75,2.3,broken clouds
81,Woodward,US,36.4337,-99.3904,65.97,26,1,18.41,clear sky
82,Paamiut,GL,61.994,-49.6678,13.35,69,93,8.03,overcast clouds
83,Winsum,NL,53.33,6.5208,54.18,95,77,15.97,broken clouds
84,Virginia Beach,US,36.8529,-75.978,59.22,94,90,6.91,overcast clouds
85,New Norfolk,AU,-42.7826,147.0587,80.74,48,0,2.73,clear sky
86,Zemio,CF,5.0314,25.1361,74.77,69,84,4.34,broken clouds
87,Ibiruba,BR,-28.6275,-53.0897,77.16,55,63,9.66,broken clouds
88,Bosaso,SO,11.2842,49.1816,75.94,80,15,4.16,few clouds
89,Nyurba,RU,63.2842,118.3319,-27.85,100,92,2.06,overcast clouds
90,Broken Hill,AU,-31.95,141.4333,82.11,24,82,11.5,broken clouds
91,Sur,OM,22.5667,59.5289,70.74,74,3,6.04,clear sky
92,Miranda,CO,3.2499,-76.2281,80.73,85,62,1.23,broken clouds
93,Puerto Ayora,EC,-0.7393,-90.3518,80.56,84,86,10.0,overcast clouds
94,Sitka,US,57.0531,-135.33,37.29,75,90,14.97,light rain
95,Busselton,AU,-33.65,115.3333,52.09,74,19,8.63,few clouds
96,Dikson,RU,73.5069,80.5464,-14.03,99,98,4.61,overcast clouds
97,Gat,IL,31.61,34.7642,58.08,100,100,6.24,overcast clouds
98,Hobart,AU,-42.8794,147.3294,81.1,77,20,8.05,few clouds
99,Pevek,RU,69.7008,170.3133,-20.47,97,80,2.17,broken clouds
100,Nguruka,TZ,-5.1092,31.0419,65.7,94,100,2.57,moderate rain
101,Zolotukhino,RU,52.0842,36.3772,28.47,98,100,11.74,overcast clouds
102,Cerro Cama,PA,9.03,-79.905,84.88,69,92,8.01,overcast clouds
103,Broome,US,42.2506,-75.833,51.71,74,75,0.0,broken clouds
104,Belaya Gora,RU,68.5333,146.4167,-32.03,98,100,4.63,overcast clouds
105,Ribeira Grande,PT,38.5167,-28.7,59.4,82,40,13.8,scattered clouds
106,Ambon,ID,-3.6954,128.1814,80.64,80,74,4.5,broken clouds
107,Olafsvik,IS,64.8945,-23.7142,33.76,67,100,19.01,overcast clouds
108,Cap Malheureux,MU,-19.9842,57.6142,75.69,75,19,1.99,few clouds
109,Spring Hill,US,28.4769,-82.5255,84.29,64,40,1.01,scattered clouds
110,Victoria,HK,22.2855,114.1577,63.32,83,65,5.01,broken clouds
111,Salalah,OM,17.0151,54.0924,77.09,78,75,5.75,broken clouds
112,Korla,CN,41.7597,86.1469,20.3,65,100,1.23,overcast clouds
113,Tshikapa,CD,-6.4167,20.8,68.86,97,87,0.96,overcast clouds
114,Tuktoyaktuk,CA,69.4541,-133.0374,-25.6,68,90,6.91,light snow
115,Boende,CD,-0.2167,20.8667,71.01,96,97,1.68,overcast clouds
116,Podosinovets,RU,60.2776,47.0659,14.56,94,100,10.22,overcast clouds
117,Pisco,PE,-13.7,-76.2167,75.25,64,0,21.85,clear sky
118,Lavrentiya,RU,65.5833,-171.0,-16.24,87,4,8.68,clear sky
119,Vila Franca Do Campo,PT,37.7167,-25.4333,61.21,80,56,16.67,broken clouds
120,Puerto El Triunfo,SV,13.2833,-88.55,97.66,57,25,6.17,scattered clouds
121,The Valley,AI,18.217,-63.0578,80.74,61,20,12.66,few clouds
122,Lagoa,PT,39.05,-27.9833,58.42,71,78,20.27,broken clouds
123,Alberton,CA,46.8168,-64.0654,32.13,85,78,1.48,broken clouds
124,Nikolskoye,RU,59.7035,30.7861,30.4,96,96,5.77,overcast clouds
125,Burnie,AU,-41.0667,145.9167,70.9,51,27,1.57,scattered clouds
126,Mahebourg,MU,-20.4081,57.7,75.49,78,40,3.44,light rain
127,Wagga Wagga,AU,-35.1167,147.3667,79.84,43,1,9.22,clear sky
128,Kavaratti,IN,10.5669,72.642,80.82,73,100,8.93,overcast clouds
129,Bambous Virieux,MU,-20.3428,57.7575,75.45,78,40,3.44,light rain
130,Talnakh,RU,69.4865,88.3972,-23.8,99,100,4.03,overcast clouds
131,Kaeo,NZ,-35.1,173.7833,77.32,60,2,3.13,clear sky
132,Saskylakh,RU,71.9167,114.0833,-45.42,98,99,3.69,overcast clouds
133,Castro,BR,-24.7911,-50.0119,63.95,94,36,4.52,scattered clouds
134,Arman,RU,59.7,150.1667,-5.26,78,100,9.08,overcast clouds
135,Taoudenni,ML,22.6783,-3.9836,70.63,16,0,10.4,clear sky
136,Grand Gaube,MU,-20.0064,57.6608,75.6,75,21,4.0,light rain
137,Perth,AU,-31.9333,115.8333,66.38,68,0,18.41,clear sky
138,Port Elizabeth,ZA,-33.918,25.5701,68.09,82,0,14.97,clear sky
139,Soe,ID,-9.8607,124.284,66.43,89,93,2.91,overcast clouds
140,Komsomolskiy,UZ,40.4272,71.7189,30.92,59,100,0.0,haze
141,La Primavera,CO,5.4906,-70.4092,85.84,49,100,6.78,overcast clouds
142,Padang,ID,-0.9492,100.3543,76.8,88,96,3.56,overcast clouds
143,Leningradskiy,RU,69.3833,178.4167,-24.2,94,30,6.13,scattered clouds
144,Itarema,BR,-2.9248,-39.9167,80.76,78,82,11.72,moderate rain
145,Laguna,US,38.421,-121.4238,55.06,58,1,4.0,clear sky
146,Kodiak,US,57.79,-152.4072,35.69,90,98,4.9,overcast clouds
147,Mezen,RU,65.8522,44.24,14.22,95,100,8.19,light snow
148,Dingle,PH,10.9995,122.6711,74.59,86,100,11.25,overcast clouds
149,Dzhebariki-Khaya,RU,62.2167,135.8,-44.64,100,74,0.72,broken clouds
150,Andapa,MG,-14.65,49.65,69.87,99,97,1.57,overcast clouds
151,Evensk,RU,61.95,159.2333,9.23,89,100,26.84,snow
152,Tiksi,RU,71.6872,128.8694,-34.76,99,95,3.2,overcast clouds
153,Baruun-Urt,MN,46.6806,113.2792,7.0,75,100,14.92,overcast clouds
154,Zhezkazgan,KZ,47.8043,67.7144,12.56,86,90,6.22,overcast clouds
155,Barrow,US,71.2906,-156.7887,-16.58,69,40,6.91,scattered clouds
156,Provideniya,RU,64.3833,-173.3,-6.16,78,7,5.46,clear sky
157,Chifeng,CN,42.2683,118.9636,17.51,46,43,5.35,scattered clouds
158,Maba,CN,24.6841,113.5984,55.0,66,99,2.13,overcast clouds
159,Guilin,CN,25.2819,110.2864,44.71,69,100,3.58,overcast clouds
160,Avarua,CK,-21.2078,-159.775,80.65,78,75,12.66,broken clouds
161,Meulaboh,ID,4.1363,96.1285,75.74,90,88,3.24,overcast clouds
162,Te Anau,NZ,-45.4167,167.7167,66.96,58,9,5.17,clear sky
163,Dakar,SN,14.6937,-17.4441,77.88,64,0,0.0,clear sky
164,Bairiki,KI,1.3292,172.9752,82.4,83,40,4.61,scattered clouds
165,La Asuncion,VE,11.0333,-63.8628,91.13,49,18,16.11,few clouds
166,Tuatapere,NZ,-46.1333,167.6833,58.82,77,96,5.28,overcast clouds
167,Isla Mujeres,MX,21.2311,-86.731,82.17,74,10,14.79,clear sky
168,Torbay,CA,47.6666,-52.7314,29.39,82,75,1.01,broken clouds
169,Campo De Criptana,ES,39.4046,-3.1249,50.99,47,1,2.95,clear sky
170,Norman Wells,CA,65.282,-126.8329,-41.76,66,20,3.44,few clouds
171,Adre,TD,13.4667,22.2,69.55,26,51,8.14,broken clouds
172,Nantucket,US,41.2835,-70.0995,47.03,89,90,3.44,mist
173,Whitehorse,CA,60.7161,-135.0538,5.77,84,75,18.99,broken clouds
174,Avera,US,33.194,-82.5271,76.51,84,98,9.95,overcast clouds
175,Poum,NC,-20.2333,164.0167,81.34,83,99,25.12,heavy intensity rain
176,Portree,GB,57.4129,-6.1942,51.85,97,100,7.94,light rain
177,Kruisfontein,ZA,-34.0033,24.7314,65.88,89,9,5.41,clear sky
178,Teya,RU,60.3778,92.6267,-9.33,97,100,3.89,overcast clouds
179,Yeppoon,AU,-23.1333,150.7333,80.38,73,14,15.57,few clouds
180,Marsabit,KE,2.3284,37.9899,66.79,61,37,7.05,scattered clouds
181,Bogo,PH,11.0517,124.0055,75.79,87,100,10.6,overcast clouds
182,Bilma,NE,18.6853,12.9164,63.97,33,0,10.33,clear sky
183,Ruston,US,32.5232,-92.6379,81.5,61,40,9.22,scattered clouds
184,Haradok,BY,55.4624,29.9816,32.85,99,100,4.0,overcast clouds
185,Beringovskiy,RU,63.05,179.3167,-14.93,95,52,6.38,broken clouds
186,Champerico,GT,14.3,-91.9167,90.14,62,1,9.69,clear sky
187,Baturaja,ID,-4.1333,104.1667,72.39,99,94,2.82,moderate rain
188,Sorland,NO,67.667,12.6934,34.02,57,100,24.09,overcast clouds
189,Wilmington,US,34.2257,-77.9447,69.01,76,49,7.67,scattered clouds
190,Vostok,RU,46.4856,135.8833,-19.84,98,100,3.96,overcast clouds
191,Inverell,AU,-29.7833,151.1167,69.67,78,100,3.0,overcast clouds
192,Tawang,IN,27.5833,91.8667,26.11,65,40,6.51,scattered clouds
193,Cidreira,BR,-30.1811,-50.2056,73.72,84,64,17.34,broken clouds
194,Phuket,TH,8.0,98.25,84.09,78,40,3.44,scattered clouds
195,Mweka,CD,-4.85,21.5667,66.61,99,62,1.48,broken clouds
196,Luau,AO,-10.7073,22.2247,63.0,95,57,0.51,broken clouds
197,Sulejowek,PL,52.2522,21.269,52.92,92,100,15.99,overcast clouds
198,Iberia,US,29.9502,-91.7507,80.06,73,75,13.8,broken clouds
199,Gornyak,RU,50.9942,81.4661,6.71,85,100,4.61,overcast clouds
200,Ormara,PK,25.2088,64.6357,71.49,42,29,6.08,scattered clouds
201,Guerrero Negro,MX,27.9769,-114.0611,64.54,56,0,24.81,clear sky
202,Lulea,SE,65.5842,22.1547,14.07,85,20,13.8,few clouds
203,Sibolga,ID,1.7427,98.7792,75.7,86,100,2.59,overcast clouds
204,Krasnoselkup,RU,65.7,82.4667,-33.05,100,80,6.49,broken clouds
205,Kubuta,SZ,-26.8833,31.4833,66.33,98,78,1.86,broken clouds
206,Carnarvon,AU,-24.8667,113.6333,73.47,83,40,16.11,scattered clouds
207,Pangnirtung,CA,66.1451,-65.7125,3.2,66,90,4.61,overcast clouds
208,Abonnema,NG,4.7084,6.7931,80.1,78,18,6.11,few clouds
209,Bowen,AU,-20.0167,148.2333,75.42,71,6,2.95,clear sky
210,Filingue,NE,14.3521,3.3168,72.16,13,21,9.91,few clouds
211,Arraial Do Cabo,BR,-22.9661,-42.0278,75.16,94,90,6.91,moderate rain
212,Miass,RU,55.045,60.1083,4.39,98,81,2.91,broken clouds
213,Kaka,TM,37.3482,59.6143,42.31,41,96,0.96,overcast clouds
214,Price,US,39.5994,-110.8107,32.11,64,90,10.36,light snow
215,Viedma,AR,-40.8135,-62.9967,85.6,10,9,12.1,clear sky
216,Athabasca,CA,54.7169,-113.2854,-14.98,94,62,3.74,broken clouds
217,Tasiilaq,GL,65.6145,-37.6368,15.96,56,13,4.34,few clouds
218,Mount Gambier,AU,-37.8333,140.7667,62.51,88,100,9.22,overcast clouds
219,Shirokiy,RU,49.758,129.523,-37.7,100,13,1.74,few clouds
220,Luderitz,NA,-26.6481,15.1594,60.94,84,0,11.54,clear sky
221,Jiaozuo,CN,35.2397,113.2331,36.81,24,96,6.51,overcast clouds
222,Matara,LK,5.9485,80.5353,74.43,91,84,9.48,broken clouds
223,Karera,IN,25.4667,78.15,53.46,74,80,2.08,broken clouds
224,San Francisco,US,37.7749,-122.4194,56.08,62,20,1.01,few clouds
225,Antofagasta,CL,-23.65,-70.4,69.08,73,5,8.7,clear sky
226,Mincivan,AZ,39.0294,46.7185,39.0,43,9,9.35,clear sky
227,Ulladulla,AU,-35.35,150.4667,76.87,63,2,9.28,clear sky
228,Palmer,US,42.1584,-72.3287,48.47,85,90,4.0,overcast clouds
229,Bow Island,CA,49.8668,-111.3684,-5.42,67,22,0.0,few clouds
230,Huilong,CN,31.8111,121.655,42.98,70,100,6.98,overcast clouds
231,Hobyo,SO,5.3505,48.5268,78.13,74,70,16.69,broken clouds
232,Vila Velha,BR,-20.3297,-40.2925,76.95,94,90,5.01,light rain
233,Inuvik,CA,68.3499,-133.7218,-28.19,68,75,2.3,light snow
234,Ostrovnoy,RU,68.0531,39.5131,19.69,95,100,2.89,light snow
235,Srednekolymsk,RU,67.45,153.6833,-47.22,100,75,0.72,broken clouds
236,Namibe,AO,-15.1961,12.1522,71.78,66,19,6.71,few clouds
237,Severo-Kurilsk,RU,50.6789,156.125,24.73,79,81,4.99,broken clouds
238,Lompoc,US,34.6391,-120.4579,61.57,69,75,16.11,broken clouds
239,East London,ZA,-33.0153,27.9116,68.52,87,91,14.81,light rain
240,Pozo Colorado,PY,-23.4923,-58.7972,103.41,16,0,8.14,clear sky
241,Batticaloa,LK,7.7102,81.6924,76.64,88,95,7.25,overcast clouds
242,Tutoia,BR,-2.7619,-42.2744,84.18,88,94,8.37,moderate rain
243,San Patricio,US,28.017,-97.5169,91.38,62,0,20.15,clear sky
244,Carutapera,BR,-1.195,-46.02,76.96,92,100,5.88,moderate rain
245,Luganville,VU,-15.5333,167.1667,85.12,77,99,7.38,heavy intensity rain
246,Sioux Lookout,CA,50.1001,-91.917,-9.02,70,20,8.05,few clouds
247,Namatanai,PG,-3.6667,152.4333,82.69,78,100,7.83,light rain
248,Kapoeta,SS,4.7717,33.5903,83.89,30,21,9.35,few clouds
249,Cerritos,US,33.8583,-118.0648,65.68,76,75,5.01,broken clouds
250,Qaqortoq,GL,60.7167,-46.0333,14.5,58,72,7.67,broken clouds
251,Kutum,SD,14.2,24.6667,64.18,23,100,6.64,overcast clouds
252,Tamasopo,MX,21.9333,-99.4833,81.81,27,0,4.09,clear sky
253,Linxia,CN,35.6003,103.2064,22.57,59,0,4.09,clear sky
254,Reshetnikovo,RU,56.45,36.5667,30.69,96,100,7.27,light snow
255,Atar,MR,20.5169,-13.0499,72.3,18,0,7.83,clear sky
256,Isangel,VU,-19.55,169.2667,86.11,84,75,4.61,broken clouds
257,Sovetskiy,RU,61.3614,63.5842,2.57,97,98,4.88,overcast clouds
258,Piney Green,US,34.716,-77.3202,71.78,84,1,11.5,clear sky
259,Pacifica,US,37.6138,-122.4869,55.27,68,20,3.0,few clouds
260,Pochutla,MX,15.7432,-96.4661,86.83,46,1,8.66,clear sky
261,Raudeberg,NO,61.9875,5.1352,38.07,60,81,7.58,broken clouds
262,Denpasar,ID,-8.65,115.2167,80.26,88,40,9.22,scattered clouds
263,Geraldton,AU,-28.7667,114.6,66.61,88,75,3.44,broken clouds
264,Huntingdon,GB,52.3305,-0.1865,54.79,91,99,5.99,overcast clouds
265,Verkhnyaya Sinyachikha,RU,57.976,61.6673,11.1,96,80,5.55,broken clouds
266,Warrington,GB,53.3925,-2.5802,56.08,90,40,13.8,scattered clouds
267,San Martin,AR,-33.081,-68.4681,91.94,14,0,6.38,clear sky
268,Vestmannaeyjar,IS,63.4427,-20.2734,37.47,78,100,26.91,light rain
269,Chippewa Falls,US,44.9369,-91.3929,24.98,78,90,8.05,overcast clouds
270,Rosarito,MX,32.3333,-117.0333,59.59,79,73,17.4,broken clouds
271,Beira,MZ,-19.8436,34.8389,80.67,81,100,7.61,overcast clouds
272,Houma,US,29.5958,-90.7195,82.99,85,75,12.66,broken clouds
273,Riyadh,SA,24.6877,46.7219,57.34,82,18,8.59,few clouds
274,Campbell River,CA,50.0163,-125.2446,30.45,93,75,3.44,broken clouds
275,Kristiansund,NO,63.1115,7.732,34.45,93,90,5.75,light rain
276,Ukiah,US,39.1502,-123.2078,52.63,60,90,10.36,overcast clouds
277,Mahibadhoo,MV,3.7833,72.9667,81.09,77,41,8.88,scattered clouds
278,Hegang,CN,47.4,130.3667,-23.85,92,5,4.34,clear sky
279,Fethiye,TR,36.6217,29.1164,51.67,73,18,5.53,few clouds
280,Sao Joao Da Barra,BR,-21.6403,-41.0511,78.89,91,100,15.99,heavy intensity rain
281,Makakilo City,US,21.3469,-158.0858,75.69,85,90,9.22,light rain
282,Maceio,BR,-9.6658,-35.7353,81.84,78,20,12.66,few clouds
283,Phalodi,IN,27.1333,72.3667,57.2,30,91,7.18,overcast clouds
284,Ilulissat,GL,69.2167,-51.1,15.82,35,100,12.66,overcast clouds
285,Mount Isa,AU,-20.7333,139.5,87.57,45,6,6.91,clear sky
286,Kirakira,SB,-10.4544,161.9205,82.62,81,100,2.62,heavy intensity rain
287,Kota Kinabalu,MY,5.9749,116.0724,73.38,100,20,3.44,few clouds
288,Roald,NO,62.5833,6.1333,36.91,93,93,6.91,overcast clouds
289,Doha,QA,25.2867,51.5333,66.18,85,0,12.66,clear sky
290,Sao Jose Da Coroa Grande,BR,-8.8978,-35.1478,79.79,76,24,11.65,few clouds
291,Bhola,BD,22.6833,90.65,63.03,70,0,10.42,clear sky
292,Hami,CN,42.8,93.45,18.18,60,11,3.49,few clouds
293,Salyan,AZ,39.5936,48.9805,40.86,78,7,5.06,clear sky
294,Fairbanks,US,64.8378,-147.7164,1.36,69,90,0.0,overcast clouds
295,Williams Lake,CA,52.1415,-122.1445,-6.23,77,40,8.05,scattered clouds
296,Saint-Pierre,RE,-21.3393,55.4781,74.88,64,0,6.91,clear sky
297,La Reforma,MX,25.0833,-108.05,75.15,82,100,13.24,overcast clouds
298,Blenheim,NZ,-41.516,173.9528,80.42,52,2,3.0,clear sky
299,Rivadavia,AR,-33.1905,-68.4608,91.87,14,0,7.36,clear sky
300,Maniitsoq,GL,65.4167,-52.9,15.01,68,97,7.81,overcast clouds
301,Hamilton,US,39.1834,-84.5333,59.99,86,75,1.99,broken clouds
302,Longyearbyen,SJ,78.2186,15.6401,12.04,57,0,12.66,clear sky
303,Chuy,UY,-33.6971,-53.4616,74.61,74,34,11.45,scattered clouds
304,General Roca,AR,-39.0333,-67.5833,89.62,9,0,27.87,clear sky
305,Opuwo,NA,-18.0607,13.84,71.76,33,61,5.59,broken clouds
306,Bayan,CN,46.0833,127.4,-19.08,98,30,3.38,scattered clouds
307,Certegui,CO,5.3707,-76.6044,82.38,95,94,3.29,moderate rain
308,Isola Del Liri,IT,41.6862,13.5823,55.51,76,4,4.97,clear sky
309,Coahuayana,MX,18.7333,-103.6833,83.79,51,0,6.82,clear sky
310,Qui Nhon,VN,13.7667,109.2333,72.0,89,71,12.75,broken clouds
311,Pingliang,CN,35.5392,106.6861,28.06,27,2,3.53,clear sky
312,Saint George,US,37.1041,-113.5841,50.59,73,90,5.01,overcast clouds
313,Lunas,PH,10.6402,123.7525,77.02,88,100,8.79,overcast clouds
314,Pemangkat,ID,1.1667,108.9667,76.3,90,100,4.56,overcast clouds
315,Saint Pete Beach,US,27.7253,-82.7412,83.19,75,1,1.01,clear sky
316,Tamandare,BR,-8.7597,-35.1047,79.65,76,20,10.63,few clouds
317,Hithadhoo,MV,-0.6,73.0833,81.25,73,6,8.7,clear sky
318,Malinovoye Ozero,RU,51.6753,79.7825,7.56,81,100,7.16,overcast clouds
319,Conway,US,35.0887,-92.4421,69.78,88,75,5.75,mist
320,Riachao Do Jacuipe,BR,-11.8069,-39.3856,80.26,59,91,9.51,overcast clouds
321,Road Town,VG,18.4167,-64.6167,80.69,65,40,12.66,scattered clouds
322,Samarai,PG,-10.6167,150.6667,82.67,74,99,8.86,overcast clouds
323,Holetown,BB,13.1867,-59.6381,81.16,68,0,16.49,clear sky
324,Sao Filipe,CV,14.8961,-24.4956,77.32,60,85,8.52,overcast clouds
325,Jalu,LY,29.0331,21.5482,57.79,72,20,19.01,few clouds
326,Havoysund,NO,70.9963,24.6622,27.48,51,99,13.49,light snow
327,Bengkulu,ID,-3.8004,102.2655,74.84,89,100,4.05,moderate rain
328,Solnechnyy,RU,50.7214,136.6319,-4.16,87,92,2.59,overcast clouds
329,Honningsvag,NO,70.9821,25.9704,31.42,48,100,19.08,overcast clouds
330,Aksu,CN,41.1231,80.2644,18.81,74,48,1.34,scattered clouds
331,Shache,CN,38.4167,77.2406,20.25,58,47,0.47,scattered clouds
332,Chongwe,ZM,-15.3292,28.682,65.34,91,61,1.63,moderate rain
333,Massape,BR,-3.5228,-40.3428,80.24,73,87,5.39,moderate rain
334,Henties Bay,NA,-22.116,14.2845,61.86,87,0,10.29,clear sky
335,Muroto,JP,33.2833,134.15,30.24,56,44,11.5,scattered clouds
336,Show Low,US,34.2542,-110.0298,50.68,95,90,18.41,mist
337,Yerbogachen,RU,61.2767,108.0108,-8.68,95,100,10.16,overcast clouds
338,Ulaangom,MN,49.9811,92.0667,-14.89,87,99,4.21,overcast clouds
339,Kidal,ML,18.4411,1.4078,67.78,12,0,10.54,clear sky
340,Clyde River,CA,70.4692,-68.5914,-7.37,84,90,9.22,light snow
341,Weston-Super-Mare,GB,51.346,-2.9766,57.97,78,90,16.11,fog
342,Djibo,BF,14.1022,-1.6306,72.43,14,0,9.13,clear sky
343,Faanui,PF,-16.4833,-151.75,81.5,76,65,17.11,broken clouds
344,Constitucion,CL,-35.3333,-72.4167,62.69,66,0,20.78,clear sky
345,Oksfjord,NO,70.2396,22.3479,27.52,76,100,12.62,light snow
346,Kotaparh,IN,19.15,82.35,58.24,93,1,5.5,clear sky
347,Port Blair,IN,11.6667,92.75,80.17,76,19,11.65,few clouds
348,Chabahar,IR,25.2919,60.643,71.46,68,86,6.82,overcast clouds
349,Port Lincoln,AU,-34.7333,135.8667,78.13,49,97,10.78,overcast clouds
350,Kawalu,ID,-7.3817,108.2082,71.87,93,73,1.48,broken clouds
351,Salta,AR,-24.7859,-65.4117,93.49,37,75,5.99,broken clouds
352,George,ZA,-33.963,22.4617,64.2,91,79,9.37,broken clouds
353,Ahuimanu,US,21.4447,-157.8378,76.86,82,90,1.01,moderate rain
354,Jaffna,LK,9.6685,80.0074,77.52,88,68,14.54,broken clouds
355,Gornopravdinsk,RU,60.05,69.9,2.77,96,100,6.6,overcast clouds
356,Dunedin,NZ,-45.8742,170.5036,63.34,72,58,5.55,broken clouds
357,Trujillo,PE,-8.116,-79.03,69.76,83,90,10.36,overcast clouds
358,Hirara,JP,24.8,125.2833,62.87,67,40,9.22,scattered clouds
359,Coldwater,US,41.9403,-85.0005,45.9,81,90,4.61,overcast clouds
360,Sambava,MG,-14.2667,50.1667,76.75,89,100,5.79,light rain
361,Okha,RU,53.5739,142.9478,4.15,90,100,19.86,overcast clouds
362,Soc Trang,VN,9.6033,105.98,71.56,84,45,6.6,scattered clouds
363,Yulara,AU,-25.2406,130.9889,73.24,53,16,6.91,few clouds
364,Melo,UY,-32.3667,-54.1833,82.49,52,24,20.49,few clouds
365,Pangody,RU,65.85,74.4859,-7.26,98,99,10.11,overcast clouds
366,High Level,CA,58.5169,-117.136,-23.69,76,75,2.3,broken clouds
367,Manavalakurichi,IN,8.1333,77.3,80.69,78,13,9.26,few clouds
368,Iqaluit,CA,63.7506,-68.5145,8.33,60,75,2.3,light snow
369,Brae,GB,60.3964,-1.353,44.51,67,100,14.52,overcast clouds
370,Nabire,ID,-3.3667,135.4833,76.91,87,86,2.3,overcast clouds
371,Oranjestad,AW,12.524,-70.027,82.35,77,40,7.0,scattered clouds
372,Hofn,IS,64.2539,-15.2082,33.73,75,100,12.95,overcast clouds
373,Haines Junction,CA,60.7522,-137.5108,6.91,96,100,2.73,light snow
374,Saldanha,ZA,-33.0117,17.9442,60.85,81,26,6.53,scattered clouds
375,Coquimbo,CL,-29.9533,-71.3436,65.93,72,40,13.8,scattered clouds
376,Nouakchott,MR,18.0858,-15.9785,73.33,28,70,11.25,broken clouds
377,Mushie,CD,-3.0167,16.9,71.91,96,24,1.14,light rain
378,Marawi,PH,7.9986,124.2928,64.65,96,100,2.48,overcast clouds
379,Urengoy,RU,65.9667,78.3667,-27.9,100,99,7.2,overcast clouds
380,Nusaybin,TR,37.0778,41.2178,36.99,65,0,9.22,clear sky
381,Nakhon Phanom,TH,17.3333,104.4167,58.05,91,0,4.92,clear sky
382,Arlit,NE,18.7369,7.3853,65.32,23,0,10.07,clear sky
383,San-Pedro,CI,4.7485,-6.6363,80.08,82,43,7.99,scattered clouds
384,Cascais,PT,38.6979,-9.4215,64.06,65,100,4.0,overcast clouds
385,West Bay,KY,19.3667,-81.4167,84.27,72,20,1.99,few clouds
386,Katobu,ID,-4.9408,122.5276,75.52,92,100,2.28,heavy intensity rain
387,Oktyabrskiy,RU,54.4815,53.471,15.98,93,100,8.61,overcast clouds
388,Bathsheba,BB,13.2167,-59.5167,81.21,65,40,16.11,scattered clouds
389,Horqueta,PY,-23.3428,-57.0597,97.92,21,18,4.07,few clouds
390,Tabuk,PH,17.4189,121.4443,67.42,94,100,3.78,overcast clouds
391,Axim,GH,4.8699,-2.2405,79.88,84,84,7.87,broken clouds
392,Punuare,HN,14.7333,-85.9667,90.36,62,52,10.22,broken clouds
393,Benguela,AO,-12.5763,13.4055,77.83,80,83,4.34,light rain
394,Natal,BR,-5.795,-35.2094,83.05,78,40,12.66,scattered clouds
395,Magalia,US,39.8121,-121.5783,45.7,76,31,1.01,scattered clouds
396,Odienne,CI,9.51,-7.5692,76.3,18,23,2.73,few clouds
397,Jiutai,CN,44.1525,125.8328,-7.26,82,5,5.82,clear sky
398,Cheyenne,US,41.14,-104.8203,26.96,54,90,13.8,light snow
399,Porbandar,IN,21.6422,69.6093,68.05,53,37,12.59,scattered clouds
400,Mayo,US,38.8876,-76.5119,59.95,93,100,7.0,overcast clouds
401,Touros,BR,-5.1989,-35.4608,83.3,77,85,13.15,overcast clouds
402,Saint-Augustin,CA,51.226,-58.6502,23.67,96,99,1.45,overcast clouds
403,Bhadrachalam,IN,17.6667,80.8833,64.63,92,0,0.34,clear sky
404,Hovd,MN,48.0056,91.6419,-4.63,75,22,3.44,few clouds
405,Warmbad,NA,-28.45,18.7333,63.82,38,2,14.03,clear sky
406,Khandyga,RU,62.6667,135.6,-45.8,100,64,2.53,broken clouds
407,Adrar,MR,20.5022,-10.0711,67.96,20,0,10.47,clear sky
408,Honavar,IN,14.2833,74.45,76.96,67,2,6.78,clear sky
409,Halifax,CA,44.6453,-63.5724,39.25,96,100,1.01,overcast clouds
410,Brockville,CA,44.5834,-75.6826,40.96,93,97,1.14,overcast clouds
411,Vzmorye,RU,54.6961,20.2361,42.89,98,100,12.62,overcast clouds
412,Cay,TR,38.5917,31.0286,37.65,89,67,0.94,broken clouds
413,Meadow Lake,US,34.8014,-106.5436,48.4,65,100,21.7,overcast clouds
414,Koshurnikovo,RU,54.1667,93.3,-2.47,99,100,2.53,overcast clouds
415,Gold Coast,AU,-28.0,153.4333,72.0,94,90,1.01,light intensity shower rain
416,Urdoma,RU,61.7533,48.5442,15.24,93,100,9.98,overcast clouds
417,Komsomolets,KZ,53.7453,62.0708,3.78,89,22,7.85,few clouds
418,Verkhnyaya Toyma,RU,62.2349,44.9985,18.07,95,100,8.75,snow
419,Porto Velho,BR,-8.7619,-63.9039,84.25,74,20,4.61,few clouds
420,La Palma,US,33.8464,-118.0467,66.11,75,75,5.01,broken clouds
421,Kupang,ID,-10.1667,123.5833,79.52,83,99,3.31,overcast clouds
422,Uruzgan,AF,32.8333,66.0,36.07,98,100,5.44,moderate rain
423,Sao Luis,BR,-2.5297,-44.3028,80.8,94,20,4.61,moderate rain
424,Hamada,JP,34.8833,132.0833,30.99,59,100,8.55,overcast clouds
425,Quatre Cocos,MU,-20.2078,57.7625,75.31,77,34,8.39,light rain
426,Adelaide,AU,-34.9333,138.6,82.56,47,100,1.01,overcast clouds
427,Kirkland Lake,CA,48.1446,-80.0377,28.69,86,100,3.51,overcast clouds
428,Rio Grande,BR,-32.035,-52.0986,80.71,75,32,7.52,scattered clouds
429,Khuzhir,RU,53.1939,107.3397,10.35,64,81,11.48,broken clouds
430,Ancud,CL,-41.8697,-73.8203,57.42,92,100,15.9,moderate rain
431,Nuevo Casas Grandes,MX,30.4167,-107.9167,53.33,67,100,14.76,overcast clouds
432,Tarauaca,BR,-8.1614,-70.7656,83.82,68,90,3.0,overcast clouds
433,Bethel,US,41.3712,-73.414,50.36,89,87,1.01,overcast clouds
434,Katangli,RU,51.7102,143.2326,4.23,87,100,27.51,light snow
435,Inhambane,MZ,-23.865,35.3833,76.19,88,35,3.18,scattered clouds
436,Alice Springs,AU,-23.7,133.8833,85.55,32,29,8.05,scattered clouds
437,Half Moon Bay,US,37.4636,-122.4286,55.74,68,1,5.01,clear sky
438,Yantal,RU,56.8471,105.2542,-15.77,99,99,3.91,overcast clouds
439,Cairns,AU,-16.9167,145.7667,83.07,86,27,1.14,scattered clouds
440,Gadung,PH,6.8025,124.02,80.01,72,100,10.54,overcast clouds
441,Sulangan,PH,11.1373,123.7228,78.73,81,100,21.43,overcast clouds
442,Sakaiminato,JP,35.55,133.2333,39.13,81,75,18.41,light shower snow
443,Nefteyugansk,RU,61.0998,72.6035,1.65,93,100,9.46,overcast clouds
444,Abnub,EG,27.2696,31.1511,57.42,81,78,4.59,broken clouds
445,Barberton,ZA,-25.7884,31.0532,68.05,96,100,3.06,overcast clouds
446,Kashi,CN,39.4547,75.9797,20.41,63,92,8.95,overcast clouds
447,Sept-Iles,CA,50.2001,-66.3821,28.83,86,90,2.3,overcast clouds
448,Yulin,CN,22.6333,110.15,56.46,70,70,2.86,broken clouds
449,Ngunguru,NZ,-35.6167,174.5,77.16,60,7,11.05,clear sky
450,Talisay,PH,10.2447,123.8494,77.02,88,90,17.27,moderate rain
451,Manicore,BR,-5.8092,-61.3003,80.47,78,77,0.94,broken clouds
452,Niono,ML,14.2526,-5.993,73.35,14,1,10.38,clear sky
453,Morros,BR,-9.4467,-46.3003,70.09,97,100,5.14,overcast clouds
454,Port Hardy,CA,50.6996,-127.4199,34.75,80,40,6.91,scattered clouds
455,Roma,US,43.2128,-75.4557,46.38,93,82,3.31,broken clouds
456,Palasbari,IN,26.1361,91.5486,56.43,78,14,1.83,few clouds
457,Bandarbeyla,SO,9.4942,50.8122,76.73,76,12,13.27,few clouds
458,Dayong,CN,25.0209,118.2898,51.48,77,7,1.36,clear sky
459,Kargil,IN,34.5667,76.1,3.47,63,99,2.33,overcast clouds
460,Menomonie,US,44.8755,-91.9193,22.82,73,100,12.66,overcast clouds
461,Asau,RO,46.4333,26.4,31.28,97,98,7.45,overcast clouds
462,Nome,US,64.5011,-165.4064,-3.93,59,90,4.61,haze
463,Kamenka,RU,51.3223,42.7678,12.27,99,100,6.71,overcast clouds
464,Husavik,IS,66.0449,-17.3389,4.91,70,90,8.16,overcast clouds
465,Belokurikha,RU,51.9959,84.9896,10.92,86,100,3.8,overcast clouds
466,Port Hedland,AU,-20.3167,118.5667,82.45,78,0,9.22,clear sky
467,Jega,NG,12.2175,4.3792,72.16,16,33,9.91,scattered clouds
468,Kishi,NG,9.0833,3.85,79.52,21,5,3.06,clear sky
469,Ladario,BR,-19.0047,-57.6017,91.69,58,20,6.91,few clouds
470,Kahului,US,20.8947,-156.47,78.82,82,40,3.44,light rain
471,Ahipara,NZ,-35.1667,173.1667,70.66,61,3,11.74,clear sky
472,Shevchenko,UA,48.5,35.0,29.44,100,90,6.71,fog
473,Port-Gentil,GA,-0.7193,8.7815,79.25,85,99,9.91,overcast clouds
474,Zyryanka,RU,65.75,150.85,-44.57,99,90,2.51,overcast clouds
475,Buenos Aires,AR,-34.6132,-58.3772,92.03,65,0,14.97,clear sky
476,Santa Fe,AR,-31.6333,-60.7,99.01,16,33,3.0,light rain
477,Prince Rupert,CA,54.3161,-130.3201,33.49,71,90,4.61,overcast clouds
478,Zhuhai,CN,22.2769,113.5678,62.98,82,20,9.22,few clouds
479,Kapit,MY,2.0167,112.9333,72.52,99,99,0.74,overcast clouds
480,Pineville,US,31.3224,-92.4343,82.26,70,9,13.04,clear sky
481,Vanderhoof,CA,54.0166,-124.0198,2.57,91,100,4.12,overcast clouds
482,Beloha,MG,-25.1667,45.05,75.27,81,98,6.62,overcast clouds
483,Waitara,NZ,-38.925,174.25,68.72,61,27,9.86,scattered clouds
484,Neiafu,TO,-18.65,-173.9833,84.88,79,75,12.66,light rain
485,Shimoda,JP,34.6667,138.95,30.11,53,1,13.06,clear sky
486,Redmond,US,47.674,-122.1215,35.67,67,60,1.99,light snow
487,Mansa,IN,29.9833,75.3833,48.61,45,53,2.3,broken clouds
488,Spirovo,RU,57.419,34.9766,32.05,96,100,6.98,overcast clouds
489,Zadar,HR,44.1197,15.2422,45.21,100,0,0.0,fog
490,Berlevag,NO,70.8578,29.0864,29.8,56,100,22.28,light snow
491,Ayagoz,KZ,47.9714,80.4392,7.03,83,100,4.27,overcast clouds
492,Kalmunai,LK,7.4167,81.8167,75.81,90,99,4.47,overcast clouds
493,Porto Novo,BJ,6.4965,2.6036,84.02,80,63,6.13,broken clouds
494,Umm Kaddadah,SD,13.6017,26.6876,66.63,22,59,9.82,broken clouds
495,Patacamaya,BO,-17.2333,-67.9167,58.28,48,67,11.23,broken clouds
496,Hualmay,PE,-11.0964,-77.6139,72.52,75,73,7.9,broken clouds
497,Sal Rei,CV,16.1833,-22.9167,73.96,74,95,15.3,overcast clouds
498,Mackay,AU,-21.15,149.2,83.68,78,46,6.91,scattered clouds
499,Paracatu,BR,-17.2222,-46.8747,66.43,97,100,8.52,moderate rain
500,Manbij,SY,36.5281,37.9549,45.37,56,26,7.29,scattered clouds
501,Gisors,FR,49.2818,1.7801,53.98,94,77,6.73,broken clouds
502,Sovetskaya,RU,44.7769,41.1722,37.2,90,100,2.13,overcast clouds
503,Ixtapa,MX,20.7,-105.2,78.22,77,1,7.0,clear sky
504,Cartagena,CO,10.3997,-75.5144,85.62,66,20,11.5,few clouds
505,Bundaberg,AU,-24.85,152.35,76.21,95,75,5.01,broken clouds
506,Sistranda,NO,63.7256,8.834,36.9,60,98,23.78,overcast clouds
507,Kysyl-Syr,RU,63.8986,122.7617,-30.84,98,100,6.29,overcast clouds
508,Koungou,YT,-12.7336,45.2042,78.51,89,0,2.3,clear sky
509,Alyangula,AU,-13.8483,136.4192,78.67,100,100,0.0,overcast clouds
510,Terney,RU,45.0503,136.6092,-3.93,84,15,18.12,few clouds
511,Abu Samrah,SY,35.3029,37.1841,48.13,69,86,5.88,overcast clouds
512,Encruzilhada Do Sul,BR,-30.5439,-52.5219,67.3,85,86,6.15,overcast clouds
513,Waipawa,NZ,-41.4122,175.5153,68.63,59,0,5.88,clear sky
514,Karratha,AU,-20.7377,116.8463,80.42,77,2,8.41,clear sky
515,Valdivia,CL,-39.8142,-73.2459,62.69,80,95,7.0,overcast clouds
516,Aksarka,RU,66.5606,67.7975,-5.12,99,100,5.26,overcast clouds
517,Nha Trang,VN,12.25,109.1833,75.2,85,82,8.43,broken clouds
518,Westerland,DE,54.9079,8.3033,49.17,100,90,16.11,overcast clouds
519,Bacungan,PH,9.9106,118.7022,76.24,81,91,7.45,overcast clouds
520,Coihaique,CL,-45.5752,-72.0662,56.01,54,75,8.05,broken clouds
521,Astoria,US,46.1879,-123.8313,38.95,83,7,5.01,clear sky
522,Parys,FR,48.8534,2.3488,54.14,94,90,3.0,overcast clouds
523,Tamale,GH,9.4008,-0.8393,82.89,14,82,6.24,broken clouds
524,Rondonopolis,BR,-16.4708,-54.6356,75.88,90,70,7.63,broken clouds
525,Corrales,US,35.2378,-106.6067,49.96,75,99,3.0,overcast clouds
526,Ornskoldsvik,SE,63.2909,18.7153,20.35,93,90,6.91,overcast clouds
527,Sao Mateus,BR,-18.7161,-39.8589,75.24,91,100,7.4,overcast clouds
528,Mayumba,GA,-3.432,10.6554,76.71,91,91,0.11,overcast clouds
529,Zhangye,CN,38.9342,100.4517,19.76,33,2,4.45,clear sky
530,Belgrade,RS,44.804,20.4651,49.69,93,0,2.3,clear sky
531,Praia Da Vitoria,PT,38.7333,-27.0667,57.76,94,75,17.83,broken clouds
532,Kalengwa,ZM,-13.4659,25.0027,61.18,96,27,3.47,scattered clouds
533,Vardo,NO,70.3705,31.1107,31.12,52,100,24.14,light snow
534,Cradock,ZA,-32.1642,25.6192,66.51,67,3,2.86,clear sky
535,Chicama,PE,-7.8447,-79.1469,68.54,66,68,9.24,broken clouds
536,Kamien Pomorski,PL,53.9685,14.7726,53.51,98,100,17.58,overcast clouds
537,Anshun,CN,26.25,105.9333,35.83,89,100,7.81,overcast clouds
538,Chapais,CA,49.7834,-74.8492,22.78,95,100,10.58,light snow
539,Tual,ID,-5.6667,132.75,82.76,78,100,9.06,overcast clouds
540,Lata,PT,40.1629,-8.3327,62.82,70,93,6.24,overcast clouds
541,Lukiv,UA,51.0521,25.4006,46.18,94,100,16.84,overcast clouds
542,Mandalgovi,MN,45.7625,106.2708,1.13,85,5,10.8,clear sky
543,Irgakly,RU,44.3611,44.7556,36.3,84,92,1.39,overcast clouds
544,Bridgetown,BB,13.1,-59.6167,81.09,65,40,16.11,scattered clouds
545,Dzilam Gonzalez,MX,21.2833,-88.9333,86.95,51,20,10.13,few clouds
546,Arcachon,FR,44.5875,-1.0519,50.32,100,21,4.61,few clouds
547,Moron De La Frontera,ES,37.1208,-5.454,59.47,82,0,3.44,clear sky
548,Neryungri,RU,56.6709,124.6491,-21.71,100,99,1.19,overcast clouds
549,Mizan Teferi,ET,6.9833,35.5833,64.56,68,21,1.95,few clouds
550,Selikhino,RU,50.3672,137.4996,-9.74,97,100,8.75,overcast clouds
551,Ossora,RU,59.2353,163.0719,32.36,97,100,33.53,light snow
552,Villamontes,BO,-21.25,-63.5,78.76,75,97,6.08,overcast clouds
553,Campo Formoso,BR,-10.5075,-40.3214,74.93,67,100,1.7,overcast clouds
554,Santa Elena,EC,-2.2333,-80.85,75.09,70,42,11.61,scattered clouds
555,Male,MV,4.1748,73.5089,82.35,78,20,12.66,few clouds
556,Jacareacanga,BR,-6.2222,-57.7528,75.27,97,97,0.85,overcast clouds
557,York,US,40.1254,-77.0,54.23,85,96,5.3,overcast clouds
558,Katsuura,JP,35.1333,140.3,32.14,44,8,11.36,clear sky
559,Inta,RU,66.0317,60.1659,13.98,96,100,4.0,light snow
560,Aleksandrov Gay,RU,50.147,48.5704,32.32,99,100,5.21,overcast clouds
561,Taunggyi,MM,20.7833,97.0333,50.13,77,98,1.63,overcast clouds
562,Abilene,US,32.4487,-99.7331,71.19,39,100,1.01,overcast clouds
563,Harper,LR,4.375,-7.7169,79.56,83,54,8.7,broken clouds
564,Clarence Town,AU,-32.5833,151.7833,76.86,65,100,3.42,light rain
565,Pelileo,EC,-1.3167,-78.5333,70.97,23,100,5.3,light rain
566,Popova,RU,42.9603,131.7228,-3.91,71,0,13.51,clear sky
567,Mbanza-Ngungu,CD,-5.25,14.8667,68.85,94,91,0.96,overcast clouds
568,Kushima,JP,31.4583,131.2333,33.84,68,20,5.39,few clouds
569,Rochegda,RU,62.8,43.25,19.53,95,100,8.39,light snow
570,Hailey,US,43.5196,-114.3153,20.89,76,80,3.0,broken clouds
571,Progreso,MX,21.2833,-89.6667,86.18,57,3,12.66,clear sky
572,Ginda,IN,30.6945,78.4932,41.25,25,98,5.66,overcast clouds
573,Maiduguri,NG,11.8464,13.1603,67.82,22,4,7.58,clear sky
574,Tessalit,ML,20.1986,1.0114,66.69,15,0,8.57,clear sky
575,Lubango,AO,-14.9172,13.4925,61.72,81,31,2.62,scattered clouds
576,Thinadhoo,MV,0.5333,72.9333,80.89,75,71,8.95,broken clouds
577,Cervo,ES,43.6702,-7.4101,58.5,66,94,9.89,overcast clouds
578,Dao,PH,11.3937,122.6856,74.39,88,100,9.22,overcast clouds
579,Okhotsk,RU,59.3833,143.3,-21.42,77,1,18.9,clear sky
580,Catacamas,HN,14.8,-85.9,88.21,57,75,2.3,broken clouds
581,Rio Cuarto,AR,-33.1307,-64.3499,92.97,29,0,18.41,clear sky
582,Hambantota,LK,6.1241,81.1185,75.54,100,1,5.75,clear sky
583,Alcudia,ES,39.8532,3.1214,54.25,79,83,5.08,broken clouds
584,Kloulklubed,PW,7.0419,134.2556,79.3,78,100,20.07,overcast clouds
585,Litovko,RU,49.2361,135.1742,-21.82,93,73,3.0,broken clouds
586,Dryden,CA,49.7833,-92.7503,-9.11,70,75,11.5,haze
587,Aberdeen,GB,57.1437,-2.0981,51.49,93,100,1.14,overcast clouds
588,Markova,UA,48.6758,24.4138,39.42,96,100,9.93,overcast clouds
589,Oranjemund,NA,-28.55,16.4333,61.56,82,3,4.74,clear sky
590,Dragor,DK,55.5946,12.6664,46.38,95,90,13.8,mist
591,La Romana,DO,18.4273,-68.9728,82.76,61,40,6.91,scattered clouds
592,Otofuke,JP,42.9917,143.2003,9.84,80,31,4.99,scattered clouds
593,Valleyview,CA,55.0667,-117.2859,-23.76,69,52,10.36,broken clouds
594,Saint-Georges,GD,12.0564,-61.7485,78.48,83,20,28.77,few clouds
595,Phan Thiet,VN,10.9333,108.1,69.93,73,22,7.11,few clouds
596,Emerald,AU,-23.5333,148.1667,78.35,73,0,12.66,clear sky
597,Dmitriyevka,RU,54.75,55.3333,17.15,95,100,12.39,light snow
598,Bonfim,BR,3.0833,-59.95,86.32,50,100,8.41,overcast clouds
599,Xichang,CN,27.8964,102.2634,37.74,85,5,3.91,clear sky
600,Davidson,US,36.1501,-86.7833,72.52,77,90,4.0,overcast clouds
601,Platanos,GR,37.6667,21.6167,52.09,70,1,5.01,clear sky
602,Caravelas,BR,-17.7125,-39.2481,77.13,85,100,7.43,light rain
603,Brasileia,BR,-11.0161,-68.7481,93.65,55,40,4.61,scattered clouds
604,Novoagansk,RU,61.9449,76.6625,4.84,95,100,8.25,overcast clouds
605,Bergerac,FR,44.8333,0.5,51.87,100,52,3.44,mist
606,Adamovka,RU,51.5223,59.9396,-2.65,89,36,5.01,scattered clouds
607,Tucurui,BR,-3.7661,-49.6725,74.34,94,99,3.38,overcast clouds
608,Qostanay,KZ,53.1667,63.5833,-2.18,84,16,6.49,few clouds
609,Margate,GB,51.3813,1.3862,55.96,90,89,5.01,overcast clouds
610,San Cristobal,VE,7.7669,-72.225,77.18,58,98,1.16,overcast clouds
611,Sikasso,ML,10.9167,-7.0,76.71,13,2,4.5,clear sky
612,Galle,LK,6.0367,80.217,74.16,89,88,7.54,overcast clouds
613,Buraydah,SA,26.326,43.975,57.65,82,25,13.71,scattered clouds
614,Amazar,RU,53.858,120.875,-10.43,98,100,1.1,light snow
615,San Jeronimo,PE,-11.9472,-75.2829,61.88,56,99,6.93,overcast clouds
616,Luebo,CD,-5.35,21.4167,68.49,97,95,1.05,overcast clouds
617,Camabatela,AO,-8.1881,15.375,61.61,98,25,1.25,light rain
618,Rawlins,US,41.7911,-107.2387,21.42,80,100,9.55,overcast clouds
619,Prince George,CA,53.9166,-122.753,1.69,91,91,2.21,overcast clouds
620,Sabang,ID,5.8933,95.3214,80.19,81,74,22.26,broken clouds
621,Tangshan,CN,39.6333,118.1833,25.07,63,0,0.96,clear sky
622,Northam,GB,51.0333,-4.2167,57.38,93,100,23.33,overcast clouds
623,Bintulu,MY,3.1667,113.0333,77.41,88,40,3.0,scattered clouds
624,Toora-Khem,RU,52.4675,96.11,-16.83,98,100,1.74,overcast clouds
625,Port Moresby,PG,-9.4431,147.1797,80.35,73,100,5.44,overcast clouds
626,Ankazoabo,MG,-22.2833,44.5167,69.98,65,12,5.19,few clouds
627,Sola,VU,-13.8833,167.55,83.07,94,90,0.0,light intensity drizzle
628,Kon Tum,VN,14.35,108.0,61.23,89,19,3.94,few clouds
629,Juba,SS,4.8517,31.5825,82.51,37,17,2.59,few clouds
630,Curaca,BR,-8.9903,-39.9094,83.26,54,100,5.5,overcast clouds
631,Soyo,AO,-6.1349,12.3689,78.15,90,76,8.34,broken clouds
632,Caraballeda,VE,10.6112,-66.8522,87.87,70,40,2.3,scattered clouds
633,Kirensk,RU,57.7853,108.1119,-7.1,95,100,10.96,overcast clouds
634,Fare,PF,-16.7,-151.0167,81.59,76,85,16.64,overcast clouds
635,Sao Desiderio,BR,-12.3633,-44.9733,70.57,95,100,2.1,overcast clouds
636,Kitakata,JP,37.65,139.8667,24.91,92,99,19.66,snow
637,Omagh,GB,54.6,-7.3,52.2,94,100,12.5,overcast clouds
638,Kalabo,ZM,-14.97,22.6814,68.77,80,100,4.21,overcast clouds
639,Arrecife,ES,28.963,-13.5477,66.18,30,0,5.75,clear sky
640,San Policarpo,PH,12.1791,125.5072,78.49,83,100,21.65,overcast clouds
641,Misawa,JP,40.6836,141.3597,19.6,80,53,21.16,light snow
642,Viru,PE,-8.4167,-78.75,74.53,66,88,9.15,overcast clouds
643,Gemena,CD,3.25,19.7667,73.38,77,91,3.0,overcast clouds
644,Aljezur,PT,37.3191,-8.8033,59.54,60,98,7.76,overcast clouds
645,Neftcala,AZ,39.3742,49.2472,45.01,83,9,5.39,clear sky
646,Monchegorsk,RU,67.9397,32.8739,21.9,93,100,15.73,light snow
647,Juruti,BR,-2.1522,-56.0922,77.04,92,100,2.89,overcast clouds
648,Nemuro,JP,43.3236,145.575,16.47,56,3,19.37,clear sky
649,Malibu,US,34.005,-118.8101,64.8,87,3,5.01,clear sky
650,Tchamba,TG,9.0333,1.4167,79.48,21,16,1.95,few clouds
651,Salvador,SV,13.8333,-88.9167,82.06,36,11,5.99,few clouds
652,Malia,GR,35.2833,25.4667,63.01,90,87,12.84,overcast clouds
653,Kokkola,FI,63.8385,23.1307,27.93,92,90,6.91,overcast clouds
654,Bol,TD,13.4586,14.7147,71.91,36,3,13.38,clear sky
655,Guruvayur,IN,10.5943,76.0411,78.04,74,83,12.24,broken clouds
656,Chokurdakh,RU,70.6333,147.9167,-32.73,99,100,1.45,overcast clouds
657,Garmsar,IR,35.2182,52.3409,45.66,47,73,5.68,broken clouds
658,Cheremnoye,RU,53.1697,83.2133,0.19,87,100,4.85,overcast clouds
659,Lao Cai,VN,22.4833,103.95,59.77,94,100,0.65,overcast clouds
660,Camacari,BR,-12.6975,-38.3242,82.17,80,100,7.56,overcast clouds
661,Neuquen,AR,-38.9516,-68.0591,85.68,9,0,31.61,clear sky
662,Kangaatsiaq,GL,68.3065,-53.4641,8.22,93,100,9.6,overcast clouds
663,Puerto Escondido,MX,15.85,-97.0667,86.83,58,20,8.05,few clouds
664,Deputatskiy,RU,69.3,139.9,-27.33,99,100,2.3,overcast clouds
665,Khorixas,NA,-20.3667,14.9667,68.43,33,0,9.62,clear sky
666,Santo Domingo,DO,18.5001,-69.9886,81.93,63,7,9.37,clear sky
667,Mgandu,TZ,-5.95,34.1333,62.76,92,100,2.57,overcast clouds
668,Umm Lajj,SA,25.0213,37.2685,67.39,44,0,3.2,clear sky
669,Vershino-Darasunskiy,RU,52.35,115.5167,-5.96,78,100,10.0,overcast clouds
670,Lebanon,US,36.2081,-86.2911,71.82,81,75,8.05,broken clouds
671,Saint-Francois,FR,46.4154,3.9054,39.67,100,90,3.44,fog
672,Impfondo,CG,1.6381,18.0667,74.3,80,89,3.18,overcast clouds
673,Westport,US,41.1415,-73.3579,51.42,93,90,1.01,overcast clouds
674,Bonito,BR,-21.1211,-56.4819,84.34,53,53,4.0,broken clouds
675,Belyy Yar,RU,53.6039,91.3903,8.49,79,40,4.47,scattered clouds
676,Makat,KZ,47.6469,53.3463,24.82,95,93,5.75,overcast clouds
677,Codrington,AU,-38.2667,141.9667,70.07,55,99,6.96,overcast clouds
678,Lethem,GY,3.3803,-59.7968,85.89,52,100,12.66,overcast clouds
679,Caborca,MX,30.5838,-111.101,57.7,70,87,30.06,overcast clouds
680,Askiz,RU,53.1319,90.5264,4.95,81,97,4.16,overcast clouds
681,Matamba,TZ,-8.9833,33.9667,56.57,92,76,0.65,light rain
682,Hay River,CA,60.8156,-115.7999,-13.36,97,99,2.37,overcast clouds
683,Dogondoutchi,NE,13.6393,4.0287,71.46,13,2,9.24,clear sky
684,Port-De-Bouc,FR,43.4,4.9833,50.22,100,90,4.61,fog
685,Kieta,PG,-6.2167,155.6333,83.28,78,100,3.76,overcast clouds
686,Leeton,AU,-34.5667,146.4,82.89,25,2,7.45,clear sky
687,Vung Tau,VN,10.346,107.0843,75.15,72,28,4.76,scattered clouds
688,Homer,US,59.6425,-151.5483,33.04,98,90,0.0,mist
689,Eyl,SO,7.9803,49.8164,75.65,84,27,15.52,scattered clouds
690,Jiayuguan,CN,39.8167,98.3,17.51,40,8,5.86,clear sky
691,Port Macquarie,AU,-31.4333,152.9167,70.9,73,92,6.96,overcast clouds
692,Suntar,RU,62.1444,117.6319,-16.65,100,92,3.44,overcast clouds
693,Pavlovka,RU,52.6897,47.1405,9.07,98,93,4.85,overcast clouds
694,Manokwari,ID,-0.8667,134.0833,79.21,78,100,3.56,moderate rain
695,Shakawe,BW,-18.3667,21.85,70.47,80,60,6.31,broken clouds
696,Abha,SA,18.2164,42.5053,54.75,73,8,4.07,clear sky
697,Esmeraldas,BR,-19.7625,-44.3139,64.2,96,100,6.35,light rain
698,Udachnyy,RU,66.4167,112.4,-25.49,99,100,2.15,overcast clouds
699,Longonjo,AO,-12.9067,15.2533,63.54,93,64,1.74,light rain
700,Camopi,GF,3.1655,-52.3158,72.72,99,75,4.12,light rain
